{
    "users": [
        {
            "id": 1,
            "name": "John",
            "lastName": "Bush",
            "email": "johnbush@mail.com",
            "img": "johnbush.jpg",
            "pass": "qwer1234",
            "group": "FrontEnd_1",
            "grade": 13,
            "facebook": "https://facebook.com/johnbush",
            "google": "https://google.com/johnbush",
            "linkedin": "https://linkedin.com/johnbush",
            "public": 1
        },
        {
            "id": 2,
            "name": "george",
            "lastName": "Bush",
            "email": "georgebush@mail.com",
            "img": "georgebush.jpg",
            "pass": "qwer1234",
            "group": "FrontEnd_1",
            "grade": 23,
            "facebook": "https://facebook.com/georgebush",
            "google": "https://google.com/georgebush",
            "linkedin": "https://linkedin.com/georgebush",
            "public": 1
        },
        {
            "id": 3,
            "name": "piter",
            "lastName": "Bush",
            "email": "piterbush@mail.com",
            "img": "piterbush.jpg",
            "pass": "qwer1234",
            "group": "FrontEnd_1",
            "grade": 21,
            "facebook": "https://facebook.com/piterbush",
            "google": "https://google.com/piterbush",
            "linkedin": "https://linkedin.com/piterbush",
            "public": 1
        },
        {
            "id": 4,
            "name": "elizabet",
            "lastName": "Bush",
            "email": "elizabetbush@mail.com",
            "img": "elizabetbush.jpg",
            "pass": "qwer1234",
            "group": "FrontEnd_1",
            "grade": 12,
            "facebook": "https://facebook.com/elizabetbush",
            "google": "https://google.com/elizabetbush",
            "linkedin": "https://linkedin.com/elizabetbush",
            "public": 1
        },
        {
            "id": 5,
            "name": "robert",
            "lastName": "Bush",
            "email": "robertbush@mail.com",
            "img": "robertbush.jpg",
            "pass": "qwer1234",
            "group": "FrontEnd_1",
            "grade": 33,
            "facebook": "https://facebook.com/robertbush",
            "google": "https://google.com/robertbush",
            "linkedin": "https://linkedin.com/robertbush",
            "public": 1
        },
        {
            "id": 6,
            "name": "franklin",
            "lastName": "Bush",
            "email": "franklinbush@mail.com",
            "img": "franklinbush.jpg",
            "pass": "qwer1234",
            "group": "FrontEnd_1",
            "grade": 55,
            "facebook": "https://facebook.com/franklinbush",
            "google": "https://google.com/franklinbush",
            "linkedin": "https://linkedin.com/franklinbush",
            "public": 1
        },
        {
            "id": 7,
            "name": "samanta",
            "lastName": "Bush",
            "email": "samantabush@mail.com",
            "img": "samantabush.jpg",
            "pass": "qwer1234",
            "group": "FrontEnd_1",
            "grade": 5,
            "facebook": "https://facebook.com/samantabush",
            "google": "https://google.com/samantabush",
            "linkedin": "https://linkedin.com/samantabush",
            "public": 1
        },
        {
            "id": 8,
            "name": "ivan",
            "lastName": "Bush",
            "email": "ivanbush@mail.com",
            "img": "ivanbush.jpg",
            "pass": "qwer1234",
            "group": "FrontEnd_1",
            "grade": 31,
            "facebook": "https://facebook.com/ivanbush",
            "google": "https://google.com/ivanbush",
            "linkedin": "https://linkedin.com/ivanbush",
            "public": 1
        }
    ]
}